api_id,calendar_api_id,cover_url,end_at,event_type,hide_rsvp,location_type,name,one_to_one,recurrence_id,show_guest_list,start_at,timezone,url,user_api_id,visibility,waitlist_enabled,virtual_info,geo_longitude,geo_latitude,geo_address_info,geo_address_visibility,coordinate
evt-xgV6DUtD1phmfxn,cal-YMinHA6E7tnfoUJ,https://images.lumacdn.com/event-covers/zc/800e2190-93af-40a9-b31d-43f1472aa3d9.png,2025-04-07T15:00:00.000Z,independent,False,offline,World Health Day: Mat to Mindfulness with Flow Grounds,True,,False,2025-04-07T13:00:00.000Z,America/New_York,5qe56ug0,usr-MhCZWljf4HxMUDd,public,False,{'has_access': False},-74.007244,40.722732,"{'city': 'New York', 'type': 'google', 'region': 'New York', 'address': 'Fabrik NYC', 'country': 'United States', 'place_id': 'ChIJeUxAOmFZwokRQwoqebAluYQ', 'city_state': 'New York, New York', 'description': '', 'country_code': 'US', 'full_address': 'Fabrik NYC, 12-16 Vestry St 4th Floor, New York, NY 10013, USA', 'mode': 'shown'}",public,"{'latitude': 40.722732, 'longitude': -74.007244}"
evt-tJceEkhXmNCOR9M,cal-J7SgzZtqVI08Hva,https://images.lumacdn.com/event-covers/tw/cb04d95b-a9b4-4127-876e-2712e6c8c051.png,2025-04-07T15:00:00.000Z,independent,False,offline,Cobble Hill: Mysha x Maman Monday,True,,True,2025-04-07T13:30:00.000Z,America/New_York,0r8zmezi,usr-7g0bDxuPXxmNPw1,public,False,{'has_access': False},-73.993041,40.688734,"{'city': 'Kings County', 'type': 'google', 'region': 'New York', 'address': 'maman', 'country': 'United States', 'place_id': 'ChIJuedIXXtbwokROUHVzt-XCtM', 'city_state': 'Kings County, New York', 'description': '', 'full_address': 'maman, 154 Court St, Brooklyn, NY 11201, USA', 'apple_maps_place_id': 'IB5048326EC87CC50', 'mode': 'shown'}",public,"{'latitude': 40.688734, 'longitude': -73.993041}"
evt-YC8RCCls0EmShL3,cal-UEI6CEdGMq8IZd4,https://images.lumacdn.com/event-covers/3y/a92e7e7b-fec4-4d33-acbf-1a0a7e017221.png,2025-04-07T18:00:00.000Z,independent,False,offline,Tech Venture Showcase,True,,True,2025-04-07T16:30:00.000Z,America/New_York,fkw59022,usr-daFy9iIkWRoIXOk,public,False,{'has_access': False},-73.958401,40.817687,"{'city': 'New York', 'type': 'google', 'region': 'New York', 'address': 'Columbia Business School, David Geffen Hall', 'country': 'United States', 'place_id': 'ChIJ4z_jZwD3wokRq7gLRYp3fZQ', 'city_state': 'New York, New York', 'description': 'Geffen 310', 'country_code': 'US', 'full_address': 'Columbia Business School, David Geffen Hall, 645 W 130th St, New York, NY 10027, USA', 'apple_maps_place_id': 'I32C577AF9E782277', 'mode': 'shown'}",public,"{'latitude': 40.817687, 'longitude': -73.958401}"
evt-jTUiLVvACVWSB3h,cal-ZhHI0iwFmGxzZ0e,https://images.lumacdn.com/event-covers/lp/52c7dbd0-0d95-4b47-a300-44af6b782055.png,2025-04-07T23:15:00.000Z,independent,False,offline,Gen AI Built on Bedrock NYC,True,,True,2025-04-07T21:00:00.000Z,America/New_York,o2ujxjcb,usr-9RcIgZfsjwB5k20,public,True,{'has_access': False},-73.983336,40.751847,"{'city': 'New York', 'type': 'google', 'region': 'New York', 'address': 'Amazon JFK27 - Hank', 'country': 'United States', 'place_id': 'ChIJAS5zEAtZwokRny-KpCuaxTE', 'city_state': 'New York, New York', 'description': '', 'country_code': 'US', 'full_address': 'Amazon JFK27 - Hank, 12 W 39th St, New York, NY 10018, USA', 'apple_maps_place_id': 'I822368B38B6384C5', 'mode': 'shown'}",public,"{'latitude': 40.751847, 'longitude': -73.983336}"
evt-nU6nDQZev4VI74s,cal-UfMxOJl3hlqvCM8,https://images.lumacdn.com/event-covers/br/8ca808d5-c010-48f7-b6bf-bc5846bf057b.png,2025-04-08T00:30:00.000Z,independent,False,offline,Unicorner Presents: NYC Seed+ Founder Dinner,True,,False,2025-04-07T22:00:00.000Z,America/New_York,4xzekyn4,usr-vORoUrEYneK346O,public,True,{'has_access': False},-73.97000,40.75500,"{'mode': 'obfuscated', 'city_state': 'New York, New York'}",guests-only,"{'latitude': 40.755872, 'longitude': -73.970146}"
evt-y2fWfO3wWWgoflT,cal-1VimvHYSCVGhHuk,https://images.lumacdn.com/event-covers/ek/07cbba7e-d9aa-42d5-a424-6ba1dad2a9c1.png,2025-04-08T00:30:00.000Z,independent,False,offline,NYC B2B: Pre-Seed + Seed Founders & Investors Meetup,True,,True,2025-04-07T22:30:00.000Z,America/New_York,tt96221i,usr-xiL5SGLre86uzMa,public,False,{'has_access': False},-73.99000,40.74500,"{'mode': 'obfuscated', 'city_state': 'New York, New York'}",guests-only,"{'latitude': 40.744272, 'longitude': -73.990762}"
evt-eVhrdpDmrX0cVFu,cal-GlnRy1aKaT3ixQh,https://images.lumacdn.com/event-covers/so/cebb2721-4057-47c8-8bb6-f1966fe2bcc7.jpg,2025-04-09T00:00:00.000Z,independent,False,offline,"Variant Builder Day: Protocol Security with Blockaid, Anchorage & Spearbit",True,,False,2025-04-08T21:30:00.000Z,America/New_York,3bhzeh3i,usr-LqP2nl8m0tkvioq,public,False,{'has_access': False},-73.99000,40.74000,"{'mode': 'obfuscated', 'city_state': 'New York, New York'}",guests-only,"{'latitude': 40.740383, 'longitude': -73.990219}"
evt-NPD6M59arOHNtRG,cal-GCkSgsCV59kp6Om,https://images.lumacdn.com/event-covers/23/d2bfc4f8-64e7-45a3-a096-5b570affd622.png,2025-04-08T23:30:00.000Z,independent,False,offline,AI & The Culture,True,,True,2025-04-08T22:00:00.000Z,America/New_York,gstdytwc,usr-PAVl8qfz4RipuuS,public,True,{'has_access': False},-73.982143,40.758488,"{'city': 'New York', 'type': 'google', 'region': 'New York', 'address': 'Dow Jones & Co Inc', 'country': 'United States', 'place_id': 'ChIJffRJYVVYwokRLJMnMDisz5w', 'city_state': 'New York, New York', 'description': '', 'country_code': 'US', 'full_address': 'Dow Jones & Co Inc, 1211 6th Ave, New York, NY 10036, USA', 'mode': 'shown'}",public,"{'latitude': 40.758488, 'longitude': -73.982143}"
evt-W6pTHRJcYTAIh0M,cal-ettEAZDy2tZADuG,https://images.lumacdn.com/event-covers/op/e26dde02-42d2-4aa5-b23b-bdea4b2e7a10.png,2025-04-09T00:30:00.000Z,independent,False,offline,Scaling Engineering Organizations,True,,True,2025-04-08T22:00:00.000Z,America/New_York,uqu8edsv,usr-4uCIM4iHcADrjzX,public,True,{'has_access': False},-74.012150,40.710360,"{'city': 'New York', 'type': 'google', 'region': 'New York', 'address': '4 World Trade Center', 'country': 'United States', 'place_id': 'ChIJWbeh8BlawokRt9BGx7htQgU', 'city_state': 'New York, New York', 'description': 'floor 26th - DuoLingo. ID is required to enter the building.', 'country_code': 'US', 'full_address': '4 World Trade Center, 150 Greenwich St, New York, NY 10007, USA', 'apple_maps_place_id': 'I52B4B5668405BD47', 'mode': 'shown'}",public,"{'latitude': 40.71036, 'longitude': -74.01215}"
evt-YpkipUWHNnTZbAV,cal-wZRB9D5dtAO9FXa,https://images.lumacdn.com/event-covers/ll/73ca79a0-d03d-4af7-a0e6-7266f898d919.png,2025-04-09T00:30:00.000Z,independent,False,offline,DeSciNYC: The Internet Of Dongs Project,True,,False,2025-04-08T22:30:00.000Z,America/New_York,descinyc32,usr-vXffl8Sffv9ZTSf,public,False,{'has_access': False},-74.00250,40.72500,"{'mode': 'obfuscated', 'city_state': 'New York, New York'}",guests-only,"{'latitude': 40.724591, 'longitude': -74.001917}"
evt-o3UeJsJsx66IHao,cal-I4Y9WPfima6sYj2,https://images.lumacdn.com/event-covers/8l/59589fa4-c36c-4f35-aaa5-fbf1a804e417.png,2025-04-09T00:30:00.000Z,independent,False,offline,make a self care button bouquet :),True,,True,2025-04-08T22:30:00.000Z,America/New_York,zzry4b1d,usr-D4vbfOJraNuGBWl,public,True,{'has_access': False},-73.955808,40.715929,"{'city': 'Kings County', 'type': 'google', 'region': 'New York', 'address': ""Lion's Milk"", 'country': 'United States', 'place_id': 'ChIJRdQmkF5ZwokRFhQp8SEm1pA', 'city_state': 'Kings County, New York', 'description': '', 'country_code': 'US', 'full_address': ""Lion's Milk, 104 Roebling St, Brooklyn, NY 11211, USA"", 'apple_maps_place_id': 'I1E2881C9F302469F', 'mode': 'shown'}",public,"{'latitude': 40.715929, 'longitude': -73.955808}"
evt-pJX58GW45RETYZ7,cal-KmKzxIeooaJtKYQ,https://images.lumacdn.com/event-covers/9m/868377b2-5d60-403c-83ed-b8e7e9a0c4e1.jpg,2025-04-08T23:30:00.000Z,independent,False,offline,Mindful Evenings ‚ú®,True,,True,2025-04-08T22:30:00.000Z,America/New_York,hs7bv7lb,usr-Dh1VtSw17v2pB2I,public,False,{'has_access': False},-73.986679,40.704007,"{'city': 'Kings County', 'type': 'google', 'region': 'New York', 'address': 'Fabrik DUMBO', 'country': 'United States', 'place_id': 'ChIJbxWJH6hbwokRJdEDkf61egI', 'city_state': 'Kings County, New York', 'description': '', 'country_code': 'US', 'full_address': 'Fabrik DUMBO, 20 Jay St Suite 218, Brooklyn, NY 11201, USA', 'mode': 'shown'}",public,"{'latitude': 40.704007, 'longitude': -73.986679}"
evt-A9gMFs2CyoyK5Ii,cal-IoIk2GOFoSM5hRN,https://images.lumacdn.com/event-covers/pe/a60ff9fc-858a-437b-a872-3c2b04735102.png,2025-04-09T01:00:00.000Z,independent,False,offline,Connections & Capital NYC Meetup by Fortress & Next Layer Capital,True,,True,2025-04-08T23:00:00.000Z,America/New_York,idh8vynb,usr-RYMWHia8HfHGCeS,public,False,{'has_access': False},-74.000025,40.732218,"{'city': 'New York', 'type': 'google', 'region': 'New York', 'address': 'Pubkey', 'country': 'United States', 'latitude': '40.7322184', 'place_id': 'ChIJRa-Q2PdZwokRwCdyxw9rOqg', 'longitude': '-74.0000245', 'city_state': 'New York, New York', 'description': '', 'full_address': 'Pubkey, 85 Washington Pl, New York, NY 10011, USA', 'apple_maps_place_id': 'I15F0DC58908EB19D', 'mode': 'shown'}",public,"{'latitude': 40.732218, 'longitude': -74.000025}"
evt-vZ6XWVC7P1p5SlL,cal-1o9fV45TOfLySKM,https://images.lumacdn.com/event-covers/dk/f27bbc60-0d4a-4632-9a30-a14cf15a9775.jpg,2025-04-09T00:30:00.000Z,independent,False,offline,How to Make More Money: A Practical Guide for Freelancers & Small Business Owners,True,,True,2025-04-08T23:00:00.000Z,America/New_York,mjk5y4zf,usr-LvASHhwrum7Bp3P,public,False,{'has_access': False},-73.999766,40.717602,"{'city': 'New York', 'type': 'google', 'region': 'New York', 'address': 'Index', 'country': 'United States', 'place_id': 'ChIJMW7aYENbwokRSDHV_Wx_ItI', 'city_state': 'New York, New York', 'description': '', 'country_code': 'US', 'full_address': 'Index, 120 Walker St 3rd Floor, New York, NY 10013, USA', 'mode': 'shown'}",public,"{'latitude': 40.717602, 'longitude': -73.999766}"
evt-B2J2mlcEuUP5Mcu,cal-rXCR7n9Nuf1pGeL,https://images.lumacdn.com/event-covers/3w/92a39562-cb70-4ddb-9196-21745de65a04.png,2025-04-09T23:00:00.000Z,independent,False,offline,Opportunities in the Next Evolution of the Domain Name System,True,,True,2025-04-09T21:00:00.000Z,America/New_York,lh5w2opb,usr-PAe6M8NqA7ydPvt,public,False,{'has_access': False},-73.988863,40.733829,"{'city': 'New York', 'type': 'google', 'region': 'New York', 'address': 'Civic Hall', 'country': 'United States', 'place_id': 'ChIJPQ80o6NZwokRKswTHKBgQLo', 'city_state': 'New York, New York', 'description': '', 'country_code': 'US', 'full_address': 'Civic Hall, 124 E 14th St, New York, NY 10003, USA', 'apple_maps_place_id': 'IDC2EB86CB69A374A', 'mode': 'shown'}",public,"{'latitude': 40.733829, 'longitude': -73.988863}"
evt-3p6QA3OfbhCCzXf,cal-vAZtj3a5zqdyAFz,https://images.lumacdn.com/event-covers/rp/6e9632c3-0e4b-41b4-bf46-5a7302702910.png,2025-04-10T00:30:00.000Z,independent,False,offline,ArtificialRuby.ai NYC Meetup,True,,False,2025-04-09T22:00:00.000Z,America/New_York,51iv0zzl,usr-MGFPsgq2HLsh13e,public,True,{'has_access': False},-74.007427,40.740216,"{'city': 'New York', 'type': 'google', 'region': 'New York', 'address': 'Betaworks', 'country': 'United States', 'place_id': 'ChIJe4XhiAJZwokRdwIKYH214Bc', 'city_state': 'New York, New York', 'description': '', 'country_code': 'US', 'full_address': 'Betaworks, 29 Little W 12th St, New York, NY 10014, USA', 'apple_maps_place_id': 'IB332323F18B72FE9', 'mode': 'shown'}",public,"{'latitude': 40.740216, 'longitude': -74.007427}"
evt-791OyI6RB7Av746,cal-tHJyNeoc6AGVg5m,https://images.lumacdn.com/event-covers/kv/cf358d88-24a0-49e4-ad01-158da2c6c980.png,2025-04-10T00:00:00.000Z,independent,False,offline,"Book Talk with Investor, Professor, and Author Jeff Bussgang in Conversation with Bloomberg Journalist Walter Frick",True,,True,2025-04-09T22:00:00.000Z,America/New_York,brvrvnzv,usr-vBbrMNhNUYJIdYa,public,False,{'has_access': False},-73.981817,40.760102,"{'city': 'New York', 'type': 'google', 'region': 'New York', 'address': 'Lowenstein Sandler LLP', 'country': 'United States', 'place_id': 'ChIJgTaxMv9YwokRnbQeJT0e3F8', 'city_state': 'New York, New York', 'description': '', 'country_code': 'US', 'full_address': 'Lowenstein Sandler LLP, 1251 Avenue of the Americas, New York, NY 10020, USA', 'apple_maps_place_id': 'IC37922905BD2C4DE', 'mode': 'shown'}",public,"{'latitude': 40.760102, 'longitude': -73.981817}"
evt-Bm1n6aAS74OFqAo,cal-AogpDRMnMC2us7K,https://images.lumacdn.com/event-covers/6a/cfcaad1d-aafa-4a85-88f4-993dffd90f5a.png,2025-04-10T01:00:00.000Z,independent,False,offline,"Navigating the new design environment with Catt Small, Rachel Hsiung, and Jibran Kutik (Fundraiser)",True,,False,2025-04-09T22:00:00.000Z,America/New_York,fun-designer-thing-that-you-should-join-or-else,usr-hsiFZnTh6rSF7Qh,public,False,{'has_access': False},-73.988138,40.700566,"{'city': 'Kings County', 'type': 'google', 'region': 'New York', 'address': 'Etsy', 'country': 'United States', 'place_id': 'ChIJl_hltUpawokRPcLl_jmP6lo', 'city_state': 'Kings County, New York', 'description': '', 'country_code': 'US', 'full_address': 'Etsy, 117 Adams St, Brooklyn, NY 11201, USA', 'apple_maps_place_id': 'I7CA36906E379E104', 'mode': 'shown'}",public,"{'latitude': 40.700566, 'longitude': -73.988138}"
evt-68tAspfwjYHpzV0,cal-ovY5OAHEpB4RSAL,https://images.lumacdn.com/event-covers/9d/25a2baab-0dab-4305-8c2b-4618564d86ef.png,2025-04-10T01:00:00.000Z,independent,False,offline,NYC üóΩ GenAI Companies Building in NYC (Hosted by The AI Furnace),True,,True,2025-04-09T22:00:00.000Z,America/New_York,iv7ne654,usr-x2ibqxQgFH6yg1Z,public,False,{'has_access': False},-73.98500,40.75500,"{'mode': 'obfuscated', 'city_state': 'New York, New York'}",guests-only,"{'latitude': 40.754931, 'longitude': -73.98402}"
evt-if9H77lPBSYIiAI,cal-uTjKlEUyAROJz5o,https://images.lumacdn.com/event-covers/hk/0e3a7aa3-487c-44bb-a269-0ff5eda25f44.png,2025-04-10T01:00:00.000Z,independent,False,offline,StoryTell x Queering Existentialism 4/9: Radical Acceptance,True,,True,2025-04-09T22:30:00.000Z,America/New_York,hr6gcggh,usr-jWziT0ggOpFKhpv,public,False,{'has_access': False},-73.98500,40.70250,"{'mode': 'obfuscated', 'city_state': 'Kings County, New York'}",guests-only,"{'latitude': 40.703662, 'longitude': -73.985151}"
evt-Gi0lCB1BfhJ8CiL,cal-PE1xHXdJxntYqd4,https://images.lumacdn.com/event-covers/06/5172858d-e576-4517-8bcb-ac8b1c059ff0,2025-04-10T01:30:00.000Z,independent,False,offline,Color in Flow: Freeform,True,,False,2025-04-09T23:00:00.000Z,America/New_York,xcslpwc1,usr-m3vFLnrtBwJ7BQ7,public,False,{'has_access': False},-73.994019,40.749380,"{'city': 'New York', 'type': 'google', 'region': 'New York', 'address': 'Drawing Room', 'country': 'United States', 'place_id': 'ChIJFUldbf1ZwokRGXXIt9UZV9o', 'city_state': 'New York, New York', 'description': 'Use code 1223 on small keypad to unlock lobby door; will not beep, simply pull the door. Take the elevator to the 9th floor (no code required)', 'full_address': 'Drawing Room, 247 W 30th St # 9R, New York, NY 10001, USA', 'apple_maps_place_id': 'I37A3C53588E9F5B0', 'mode': 'shown'}",public,"{'latitude': 40.74938, 'longitude': -73.994019}"
evt-BreTDHVe8JI44Rp,cal-EWMF9vkIgvpVxx8,https://images.lumacdn.com/event-covers/0n/4003b3fe-1e64-4cef-934b-b7f2c7bc0db0,2025-04-10T12:30:00.000Z,independent,False,offline,Pitch and Run 730am Thursday Early Bird,True,,True,2025-04-10T11:30:00.000Z,America/New_York,mw005iqm,usr-hVeh1rxRTqXXTWE,public,False,{'has_access': False},-74.016193,40.711300,"{'city': 'New York', 'type': 'google', 'region': 'New York', 'address': 'Le Pain Quotidien', 'country': 'United States', 'latitude': '40.7112999', 'place_id': 'ChIJPcWekRpawokRMr5_kNo2njw', 'longitude': '-74.0161926', 'city_state': 'New York, New York', 'description': '', 'full_address': 'Le Pain Quotidien, 395 S End Ave, New York, NY 10280, USA', 'apple_maps_place_id': 'I46D83F06A2795B29', 'mode': 'shown'}",public,"{'latitude': 40.7113, 'longitude': -74.016193}"
evt-Y3llZqZFF4jtoaK,cal-i7F7pBooAJzclhH,https://images.lumacdn.com/event-covers/uz/9483a023-5fd0-4f38-9735-784a9d7edf35.webp,2025-04-10T14:00:00.000Z,independent,False,offline,ü•Ø+ü§ñ AI Bagels Biotech Edition (with Bits in Bio and Dimension),True,,True,2025-04-10T13:00:00.000Z,America/New_York,g1ngs622,usr-PKQmMdZV0mWW3A7,public,False,{'has_access': False},-73.99500,40.72500,"{'mode': 'obfuscated', 'city_state': 'New York, New York'}",guests-only,"{'latitude': 40.72616, 'longitude': -73.995985}"
evt-wyPjAiJLyWrL0SJ,cal-ucfZmUAHdzcbkHH,https://images.lumacdn.com/gallery-images/w3/85cf0c62-177f-48d2-925d-9e40591bf58c,2025-04-11T00:00:00.000Z,independent,False,offline,Entrepreneurship in the Era of GLP-1s and Food as Medicine,True,,True,2025-04-10T22:00:00.000Z,America/New_York,b70czddo,usr-WZ8ok5Xrx2NLmLB,public,True,{'has_access': False},-73.958401,40.817687,"{'city': 'New York', 'type': 'google', 'region': 'New York', 'address': 'Columbia Business School, David Geffen Hall', 'country': 'United States', 'place_id': 'ChIJ4z_jZwD3wokRq7gLRYp3fZQ', 'city_state': 'New York, New York', 'description': 'Room 620 (Greenwald Auditorium)', 'country_code': 'US', 'full_address': 'Columbia Business School, David Geffen Hall, 645 W 130th St, New York, NY 10027, USA', 'apple_maps_place_id': 'I32C577AF9E782277', 'mode': 'shown'}",public,"{'latitude': 40.817687, 'longitude': -73.958401}"
evt-SjfDNGjbPdhtSkQ,cal-kcWhMbIs2X0Y2Xb,https://images.lumacdn.com/event-covers/v9/87682608-3bcf-43ed-8d56-8c77ce32defd.png,2025-04-11T00:00:00.000Z,independent,False,offline,"""Finding PMF in the Age of AI"" with Jeff Bussgang (Flybridge Capital Partners)",True,,True,2025-04-10T22:00:00.000Z,America/New_York,findPMF,usr-DWfcHYvEcII5W5R,public,True,{'has_access': False},-73.98750,40.74000,"{'mode': 'obfuscated', 'city_state': 'New York, New York'}",guests-only,"{'latitude': 40.738784, 'longitude': -73.988356}"
evt-KT7MT4Maa9C0udc,cal-Ve0M7LoDOpdnF3z,https://images.lumacdn.com/event-covers/cn/65ebc1d6-91ff-4c91-b94f-0a868cbdc67c.jpg,2025-04-11T00:30:00.000Z,independent,False,offline,Fun (SPC Demo Night),True,,False,2025-04-10T22:00:00.000Z,America/New_York,qh5zbpg9,usr-VPOChxgUvsrEjSA,public,False,{'has_access': False},-73.99250,40.72750,"{'mode': 'obfuscated', 'city_state': 'New York, New York'}",guests-only,"{'latitude': 40.728329, 'longitude': -73.991589}"
evt-CTJQjpXpJHlG8Uk,cal-rNhbdHwGE1b6O9x,https://images.lumacdn.com/event-covers/ph/b12381c3-30f4-4524-b2e3-7451206cb332.jpg,2025-04-11T01:00:00.000Z,independent,False,offline,Symbol XO - Traditional Dating,True,,True,2025-04-10T22:00:00.000Z,America/New_York,nhmeoaie,usr-bSG18eqxM6KtjTP,public,False,{'has_access': False},-73.988698,40.730863,"{'city': 'New York', 'type': 'google', 'region': 'New York', 'address': 'Sugar mouse', 'country': 'United States', 'latitude': '40.73086329999999', 'place_id': 'ChIJgTquPdBZwokROLWpEDTUTh0', 'longitude': '-73.9886975', 'city_state': 'New York, New York', 'description': '', 'full_address': 'Sugar mouse, 47 3rd Ave, New York, NY 10003, USA', 'apple_maps_place_id': 'I8D080F777EF837D6', 'mode': 'shown'}",public,"{'latitude': 40.730863, 'longitude': -73.988698}"
evt-GUqP6w2qXmKr6xb,cal-RSgj2jk1IlCDvGF,https://images.lumacdn.com/event-covers/vs/5c6c8546-2955-4c40-8ad8-bd801e2aecd2,2025-04-11T13:30:00.000Z,independent,False,offline,Tech Pickleball NYC,True,,True,2025-04-11T11:30:00.000Z,America/New_York,9uxgw8l4,usr-kfVoiikovCMofvu,public,True,{'has_access': False},-73.954570,40.721751,"{'city': 'Kings County', 'type': 'google', 'region': 'New York', 'address': 'McCarren Park Tennis Courts', 'country': 'United States', 'latitude': '40.7217508', 'place_id': 'ChIJkd7_U0NZwokRSlQjAzSHLuk', 'longitude': '-73.9545699', 'city_state': 'Kings County, New York', 'description': 'Asphalt Lot', 'full_address': 'McCarren Park Tennis Courts, 50 Bedford Ave, Brooklyn, NY 11222, USA', 'mode': 'shown'}",public,"{'latitude': 40.721751, 'longitude': -73.95457}"
evt-X9gaCHNcuBmD9uG,cal-EWMF9vkIgvpVxx8,https://images.lumacdn.com/event-covers/d8/2afa2eea-41f1-4c75-8798-c5f40dce66a8,2025-04-11T14:15:00.000Z,independent,False,offline,Pitch and Run Friday - The Original PNR,True,,True,2025-04-11T12:55:00.000Z,America/New_York,vrqiepu2,usr-hVeh1rxRTqXXTWE,public,False,{'has_access': False},-74.008746,40.748538,"{'city': 'New York', 'type': 'google', 'region': 'New York', 'address': 'Bluestone Lane Chelsea Piers Caf√©', 'country': 'United States', 'latitude': '40.7485378', 'place_id': 'ChIJDTUgz1dZwokRtsQ97Tbf0cA', 'longitude': '-74.0087457', 'city_state': 'New York, New York', 'description': 'Meet outside of Bluestone Lane at 8:55am', 'full_address': 'Bluestone Lane Chelsea Piers Caf√©, 62 Chelsea Piers Pier 62, New York, NY 10011, USA', 'mode': 'shown'}",public,"{'latitude': 40.748538, 'longitude': -74.008746}"
evt-YfGYBfxwa8W93nc,cal-o1aUxEipv6mt0Ep,https://images.lumacdn.com/event-covers/k3/5b68273b-6299-4fd8-9ca4-843769156a3d.jpg,2025-04-12T00:30:00.000Z,independent,False,offline,MCP Research & Discussion Night,True,,True,2025-04-11T21:30:00.000Z,America/New_York,k1kegiwm,usr-moHjRpSZzfbcskC,public,False,{'has_access': False},-74.00250,40.71750,"{'mode': 'obfuscated', 'city_state': 'New York, New York'}",guests-only,"{'latitude': 40.718022, 'longitude': -74.003251}"
evt-64YdJBe3Y3dbhGY,cal-wGlwnmMsVzQQ8tr,https://images.lumacdn.com/event-covers/oe/b430708c-a2c8-451f-a2d8-8fa0d92dbaeb.png,2025-04-12T03:00:00.000Z,independent,True,offline,Founders Night at Seven24 Collective,True,,True,2025-04-11T22:00:00.000Z,America/New_York,ql1jq0qb,usr-3NVrqXkeBW2nWJW,public,False,{'has_access': False},-74.005715,40.740040,"{'city': 'New York', 'type': 'google', 'region': 'New York', 'address': 'Seven24 Collective - Meatpacking NYC', 'country': 'United States', 'place_id': 'ChIJT3DA6zNZwokRvRit4RuJcTc', 'city_state': 'New York, New York', 'description': '', 'country_code': 'US', 'full_address': 'Seven24 Collective - Meatpacking NYC, 362 W 13th St, New York, NY 10014, USA', 'apple_maps_place_id': 'I3EA3FA8517FC9757', 'mode': 'shown'}",public,"{'latitude': 40.74004, 'longitude': -74.005715}"
evt-0eAuiBUwyS14kZR,cal-PE1xHXdJxntYqd4,https://images.lumacdn.com/event-covers/vd/a06a19bc-a053-4970-aa77-019ee94acdc5,2025-04-12T01:30:00.000Z,independent,False,offline,Charm Meet,True,,False,2025-04-11T23:30:00.000Z,America/New_York,9p3bxwwk,usr-m3vFLnrtBwJ7BQ7,public,False,{'has_access': False},-73.994019,40.749380,"{'city': 'New York', 'type': 'google', 'region': 'New York', 'address': 'Drawing Room', 'country': 'United States', 'place_id': 'ChIJFUldbf1ZwokRGXXIt9UZV9o', 'city_state': 'New York, New York', 'description': 'Use code 1223 on small keypad to unlock lobby door; will not beep, simply pull the door. Take the elevator to the 9th floor (no code required)', 'full_address': 'Drawing Room, 247 W 30th St # 9R, New York, NY 10001, USA', 'apple_maps_place_id': 'I37A3C53588E9F5B0', 'mode': 'shown'}",public,"{'latitude': 40.74938, 'longitude': -73.994019}"
evt-4JWKD9YK9wuZo4V,cal-MWDK3RkrGD3zl3N,https://images.lumacdn.com/event-covers/b8/f4f1dd9d-7f6b-45f8-ba02-afca5e1f890a.jpg,2025-04-12T02:00:00.000Z,independent,False,offline,L&L Monthly Classic Vol. 3,True,,True,2025-04-12T00:00:00.000Z,America/New_York,23dmqn4y,usr-jo87DZk66sDRsCv,public,False,{'has_access': False},-73.895515,40.839182,"{'city': 'Bronx County', 'type': 'google', 'region': 'New York', 'address': 'Cary Leeds Center for Tennis & Learning', 'country': 'United States', 'place_id': 'ChIJDZkUgFv0wokRSH30dVjLHlE', 'city_state': 'Bronx County, New York', 'description': 'Directions: Metro North: Grand Central to Tremont, then a 15 min walk or 8 min uber.\nSubway: 2 or 5 Train to 174th Street, then a 15 min walk or 4 min uber. Facility and street parking are available.', 'country_code': 'US', 'full_address': 'Cary Leeds Center for Tennis & Learning, 1720 Crotona Ave, Bronx, NY 10457, USA', 'apple_maps_place_id': 'IA696AADA14D2A662', 'mode': 'shown'}",public,"{'latitude': 40.839182, 'longitude': -73.895515}"
evt-TsTEgDHkqaCERrV,cal-E0mN82PXqPnpmqh,https://images.lumacdn.com/event-covers/pj/df5a7df4-3c69-4c7e-aed8-bedb97ffd18a.jpg,2025-04-12T19:00:00.000Z,independent,False,offline,mo.na. x coach üåü‚òÅÔ∏è,True,,True,2025-04-12T17:00:00.000Z,America/New_York,uyhbnqtw,usr-UjeDyyMax8D5akx,public,False,{'has_access': False},-73.967247,40.762268,"{'city': 'New York', 'type': 'google', 'region': 'New York', 'address': ""Bloomingdale's"", 'country': 'United States', 'place_id': 'ChIJ-RNjg-VYwokRCJTSRaHml6E', 'city_state': 'New York, New York', 'description': '', 'country_code': 'US', 'full_address': ""Bloomingdale's, 1000 Third Avenue, 59th Street and, Lexington Ave, New York, NY 10022, USA"", 'apple_maps_place_id': 'I99ABDC5500EE09EE', 'mode': 'shown'}",public,"{'latitude': 40.762268, 'longitude': -73.967247}"
evt-AnBUCgbKoeB7ZG6,cal-E0fojHaQ8N2MwUL,https://images.lumacdn.com/event-covers/jo/bc83a309-492b-4ea2-b16c-2a204370492c.png,2025-04-12T20:00:00.000Z,independent,False,offline,Bloom in Color: Paint pot + Plant buddy,True,,True,2025-04-12T18:00:00.000Z,America/New_York,viqif3xf,usr-BaC7GS7aHRlmiok,public,False,{'has_access': False},-73.928359,40.706636,"{'city': 'Kings County', 'type': 'google', 'region': 'New York', 'address': '117 Grattan St', 'country': 'United States', 'place_id': 'ChIJRZ06agJcwokR6zCvITt6S9g', 'city_state': 'Kings County, New York', 'description': 'Unit 404', 'country_code': 'US', 'full_address': '117 Grattan St, Brooklyn, NY 11237, USA', 'mode': 'shown'}",public,"{'latitude': 40.706636, 'longitude': -73.928359}"
evt-jcC0R74254XitWc,cal-DYED7FlZVBBvFjI,https://images.lumacdn.com/event-covers/uq/93537193-129b-4bbf-91e3-592781addd8a.png,2025-04-12T20:00:00.000Z,independent,False,offline,Let's Go Climbing (Bouldering Class),True,,True,2025-04-12T18:00:00.000Z,America/New_York,nzrhdg77,usr-FwUy1YyqeB2fKbC,public,True,{'has_access': False},-73.984240,40.679661,"{'city': 'Kings County', 'type': 'google', 'region': 'New York', 'address': 'Bouldering Project - Gowanus', 'country': 'United States', 'place_id': 'ChIJ36QSwVRawokRO1ahG9js-5g', 'city_state': 'Kings County, New York', 'description': 'Check in is 1:30pm - 1:50pm, please be on time!', 'country_code': 'US', 'full_address': 'Bouldering Project - Gowanus, 575 Degraw St, Brooklyn, NY 11217, USA', 'apple_maps_place_id': 'IC5D7C7794F16D752', 'mode': 'shown'}",public,"{'latitude': 40.679661, 'longitude': -73.98424}"
evt-PMIcVjqrBanxEcr,cal-1o9fV45TOfLySKM,https://images.lumacdn.com/event-covers/yv/a74fc474-4dce-406e-867b-24b6729c4bbb.png,2025-04-13T21:00:00.000Z,independent,False,offline,Index Open Studio Hours,True,,True,2025-04-13T16:00:00.000Z,America/New_York,fc1fb2ra,usr-LvASHhwrum7Bp3P,public,False,{'has_access': False},-73.999766,40.717602,"{'city': 'New York', 'type': 'google', 'region': 'New York', 'address': 'Index', 'country': 'United States', 'place_id': 'ChIJMW7aYENbwokRSDHV_Wx_ItI', 'city_state': 'New York, New York', 'description': '', 'country_code': 'US', 'full_address': 'Index, 120 Walker St 3rd Floor, New York, NY 10013, USA', 'mode': 'shown'}",public,"{'latitude': 40.717602, 'longitude': -73.999766}"
evt-nYvQkPJoNDDjD3d,cal-vuermvR30Frrrfn,https://images.lumacdn.com/event-covers/mr/e4ec3f8c-06d9-4376-a132-0196ada3e485.png,2025-04-13T21:30:00.000Z,independent,False,offline,Saving Grace: A Play,True,,True,2025-04-13T19:00:00.000Z,America/New_York,kom05pem,usr-ICE0lL6R0RwvvHV,public,True,{'has_access': False},-73.951503,40.730470,"{'city': 'Kings County', 'type': 'google', 'region': 'New York', 'address': 'Greenpoint', 'country': 'United States', 'place_id': 'ChIJs1ja4UhZwokRbkVU6bKHDHI', 'city_state': 'Kings County, New York', 'description': '', 'country_code': 'US', 'full_address': 'Greenpoint, Brooklyn, NY, USA', 'mode': 'shown'}",public,"{'latitude': 40.73047, 'longitude': -73.951503}"
evt-KWF0py7dLJjpmBN,cal-l9SfdSr8jutH3wN,https://images.lumacdn.com/event-covers/yh/bb2a54c3-2993-4622-b0d0-3ddfbbfb7167.jpg,2025-04-13T22:00:00.000Z,independent,False,offline,Âçó‰∫¨ÊñπË®ÄËßí+Ê≥°Ê≥°È¶ÑÈ•®Â∑•‰ΩúÂùä,True,,True,2025-04-13T20:00:00.000Z,America/New_York,eeq2qlgv,usr-ItRC5816DgrrQXE,public,False,{'has_access': False},-73.992306,40.737510,"{'city': 'New York', 'type': 'google', 'region': 'New York', 'address': 'Accent Sisters ÈáçÈü≥Á§æ', 'country': 'United States', 'place_id': 'ChIJLYz3TaRRwokRj4LtZLeclrE', 'city_state': 'New York, New York', 'description': '', 'country_code': 'US', 'full_address': 'Accent Sisters ÈáçÈü≥Á§æ, 89 5th Ave #702, New York, NY 10002, USA', 'apple_maps_place_id': 'I9B8BB891884AACD5', 'mode': 'shown'}",public,"{'latitude': 40.73751, 'longitude': -73.992306}"
evt-kQ6ZLi8CF8SucNP,cal-BvuRd9eaZnDGBwy,https://images.lumacdn.com/event-covers/kk/9b4ae04c-f8e0-402b-9ef4-bedf7b0db9d4.png,2025-04-15T00:30:00.000Z,independent,False,offline,Assemblage Creations: Embellish an iPhone Case with Mixed Media Materials,True,,True,2025-04-14T22:30:00.000Z,America/New_York,v5lfss6y,usr-Yv1EkLAwR92KxzI,public,False,{'has_access': False},-73.961918,40.715581,"{'city': 'Kings County', 'type': 'google', 'region': 'New York', 'address': '119 N 1st St', 'country': 'United States', 'latitude': '40.7155813', 'place_id': 'ChIJNQwZ-2BZwokR_sx3TLGh73U', 'longitude': '-73.9619183', 'city_state': 'Kings County, New York', 'description': '', 'full_address': '119 N 1st St, Brooklyn, NY 11249, USA', 'mode': 'shown'}",public,"{'latitude': 40.715581, 'longitude': -73.961918}"
evt-9alc9XYLZRycvVK,cal-FAp2cTJ79lPzLPX,https://images.lumacdn.com/event-covers/xo/78b3f30a-da3d-4e94-a3dd-794db366ba42.png,2025-04-15T00:30:00.000Z,independent,False,offline,NYC June Primary Bootcamp Launch Party üéâ,True,,True,2025-04-14T22:30:00.000Z,America/New_York,ub5hzxoa,usr-BBlwXPhokuOMKm0,public,False,{'has_access': False},-73.984794,40.677457,"{'city': 'Kings County', 'type': 'google', 'region': 'New York', 'address': 'Finback Brooklyn', 'country': 'United States', 'place_id': 'ChIJW5KODwhbwokRCZJrvdrFRaU', 'city_state': 'Kings County, New York', 'description': '', 'country_code': 'US', 'full_address': 'Finback Brooklyn, 545 President St, Brooklyn, NY 11215, USA', 'apple_maps_place_id': 'IEDDC37ADD942A3AD', 'mode': 'shown'}",public,"{'latitude': 40.677457, 'longitude': -73.984794}"
evt-GBuM8K44c3Wvaoi,cal-OYhbo1eRo2b1EEf,https://images.lumacdn.com/event-covers/1u/7b7013cb-eb07-4b6f-bd07-54380272392b,2025-04-16T00:00:00.000Z,independent,False,offline,Think Tech: Tools for Meeting Building Decarb Targets,True,,False,2025-04-15T21:00:00.000Z,America/New_York,1cgp32fi,usr-LhgZxaMGHd3eLae,public,False,{'has_access': False},-73.98500,40.74750,"{'mode': 'obfuscated', 'city_state': 'New York, New York'}",guests-only,"{'latitude': 40.748441, 'longitude': -73.985664}"
evt-f5mmmqvdlYQ7itx,cal-YYACB1sICtMRlDS,https://images.lumacdn.com/event-covers/bc/0b558d3e-ca53-415d-96f8-49014d056edf.png,2025-04-16T01:30:00.000Z,independent,False,offline,Creator Economy NYC Mixer & Panel: Talking Creator Tools,True,,False,2025-04-15T22:30:00.000Z,America/New_York,7gxryvmx,usr-KRxMTEB4OwBKHeq,public,False,{'has_access': False},-73.98500,40.74000,"{'mode': 'obfuscated', 'city_state': 'New York, New York'}",guests-only,"{'latitude': 40.739795, 'longitude': -73.984389}"
evt-LloyGR2obQdvw0g,cal-bf1JXZO3y6CaE57,https://images.lumacdn.com/event-covers/7f/a59ef448-dc7e-44bf-8e38-d3c56f1dd0b3,2025-04-16T02:00:00.000Z,independent,False,offline,Animation Nights New York (ANNY) at The Gutter Spare Room!,True,,False,2025-04-16T00:00:00.000Z,America/New_York,ilnwbnuu,usr-F7PyNDzFRSoY7JE,public,False,{'has_access': False},-73.95500,40.72250,"{'mode': 'obfuscated', 'city_state': 'Kings County, New York'}",guests-only,"{'latitude': 40.722667, 'longitude': -73.955375}"
evt-g5eRI6zM1laThmh,cal-fU4EJQDrADHvbep,https://images.lumacdn.com/event-covers/in/89a5696b-f375-4675-8146-eaee391631a0.png,2025-04-16T14:00:00.000Z,independent,False,offline,NYC Tech Breakfast Club April,True,,False,2025-04-16T12:00:00.000Z,America/New_York,7a3r0592,usr-HHEtZvaPp9TV6Lr,public,False,{'has_access': False},-73.99750,40.72250,"{'mode': 'obfuscated', 'city_state': 'New York, New York'}",guests-only,"{'latitude': 40.722668, 'longitude': -73.99823}"
evt-sA11vHhiPv4eI8j,cal-HcwExmRdctNhAIE,https://images.lumacdn.com/event-covers/b7/b519caff-8028-420f-a1ca-03e1df840459.jpg,2025-04-17T01:00:00.000Z,independent,False,offline,Creative Women Entrepreneurs x Gather: Happy Hour for Women Freelancers,True,,True,2025-04-16T22:00:00.000Z,America/New_York,mmgc5unp,usr-UyU1xFSJjZk7giH,public,False,{'has_access': False},-73.99250,40.74250,"{'mode': 'obfuscated', 'city_state': 'New York, New York'}",guests-only,"{'latitude': 40.741286, 'longitude': -73.991582}"
evt-WWE5OacOYlYsSOU,cal-rx5exJcyHcPG9oo,https://images.lumacdn.com/event-covers/re/f66de407-ff44-45c2-aff9-5cf40f15fb78.jpg,2025-04-17T00:00:00.000Z,independent,False,offline,La French Tech NYC - Afterwork,True,,True,2025-04-16T22:00:00.000Z,America/New_York,kagwua7u,usr-elUXFmOwGclmC0A,public,False,{'has_access': False},-73.99500,40.74750,"{'mode': 'obfuscated', 'city_state': 'New York, New York'}",guests-only,"{'latitude': 40.748703, 'longitude': -73.994531}"
evt-sCohEP3RYArb1IY,cal-PE1xHXdJxntYqd4,https://images.lumacdn.com/event-covers/yq/9f099098-6f97-4c0b-a9ca-2db976a4f890.png,2025-04-17T01:30:00.000Z,independent,False,offline,Bookbinding: Signature Stitch,True,,False,2025-04-16T23:00:00.000Z,America/New_York,3o72dwoj,usr-m3vFLnrtBwJ7BQ7,public,False,{'has_access': False},-73.994019,40.749380,"{'city': 'New York', 'type': 'google', 'region': 'New York', 'address': 'Drawing Room', 'country': 'United States', 'place_id': 'ChIJFUldbf1ZwokRGXXIt9UZV9o', 'city_state': 'New York, New York', 'description': 'Use code 1223 on small keypad to unlock lobby door; will not beep, simply pull the door. Take the elevator to the 9th floor (no code required)', 'full_address': 'Drawing Room, 247 W 30th St # 9R, New York, NY 10001, USA', 'apple_maps_place_id': 'I37A3C53588E9F5B0', 'mode': 'shown'}",public,"{'latitude': 40.74938, 'longitude': -73.994019}"
evt-6nsy6tAGYguvIJ0,cal-gjg4MScImZK316q,https://images.lumacdn.com/event-covers/0i/80672cc0-6dd1-4f33-8749-887afa4c75b0.png,2025-04-17T00:30:00.000Z,independent,False,offline,Founders Basketball,True,,True,2025-04-16T23:00:00.000Z,America/New_York,89l69jba,usr-6DkkGJIWeaQiANO,public,True,{'has_access': False},-73.984738,40.709780,"{'city': 'New York', 'type': 'google', 'region': 'New York', 'address': 'Basketball City', 'country': 'United States', 'latitude': '40.7097802', 'place_id': 'ChIJ3TYiFyxawokRZgRUCY-lgms', 'longitude': '-73.9847377', 'city_state': 'New York, New York', 'description': '', 'full_address': 'Basketball City, 299 South Street Pier 36, Pier 36 NYC, 299 South St, New York, NY 10002, USA', 'apple_maps_place_id': 'ICBC8E165A3A5090C', 'mode': 'shown'}",public,"{'latitude': 40.70978, 'longitude': -73.984738}"
evt-skV21dvqR0knzAf,cal-WDBnXVOlGSkMwRF,https://images.lumacdn.com/event-covers/lh/94b0e232-1efc-4439-b012-2f8a023605df.jpg,2025-04-17T21:00:00.000Z,independent,False,offline,The Carry Takes NYC: Join Us for Our Second Rucking Meetup!,True,,True,2025-04-17T20:00:00.000Z,America/New_York,2l6ak4zg,usr-1vU0dcIXbpqBMJz,public,False,{'has_access': False},-74.009012,40.743424,"{'city': 'New York', 'type': 'google', 'region': 'New York', 'address': 'Pier 57', 'country': 'United States', 'place_id': 'ChIJywJ318BZwokR4uWXUTbMRtc', 'city_state': 'New York, New York', 'description': 'Meet outside the entrance at Market 57 (15th St & West St)', 'country_code': 'US', 'full_address': 'Pier 57, 25 11th Ave, New York, NY 10011, USA', 'apple_maps_place_id': 'I33AAEA84219CA562', 'mode': 'shown'}",public,"{'latitude': 40.743424, 'longitude': -74.009012}"
evt-KaRsWnUBaO7m5Ck,cal-4oDH9h513BBRk6y,https://images.lumacdn.com/event-covers/jm/fe943e62-f759-4c73-8fe5-960c72bb9437.png,2025-04-18T00:00:00.000Z,independent,False,offline,Navigating AI in Women's Healthcare: Insights from VC & Founders,True,,False,2025-04-17T22:00:00.000Z,America/New_York,t9gsie3b,usr-roNFfGiggFfcB4N,public,False,{'has_access': False},-74.00750,40.72250,"{'mode': 'obfuscated', 'city_state': 'New York, New York'}",guests-only,"{'latitude': 40.722732, 'longitude': -74.007244}"
evt-k0owSIlfpEHo1Ne,cal-3VE7ANHwL9ppRZ6,https://images.lumacdn.com/event-covers/y6/ccc7a8ca-5dbd-434f-907a-85e8b92fbbc3.png,2025-04-18T01:00:00.000Z,independent,False,offline,UX Engineering Meetup: NYC (April),True,,True,2025-04-17T22:00:00.000Z,America/New_York,xfblie5e,usr-UwHVGAdj0sdsSTO,public,False,{'has_access': False},-73.999443,40.753034,"{'city': 'New York', 'type': 'google', 'region': 'New York', 'address': '450 W 33rd St fl 11', 'country': 'United States', 'place_id': 'Eiw0NTAgVyAzM3JkIFN0IGZsIDExLCBOZXcgWW9yaywgTlkgMTAwMDEsIFVTQSIhGh8KFgoUChIJm2cX5rNZwokRh0vD22symj8SBWZsIDEx', 'city_state': 'New York, New York', 'description': '', 'country_code': 'US', 'full_address': '450 W 33rd St fl 11, New York, NY 10001, USA', 'mode': 'shown'}",public,"{'latitude': 40.753034, 'longitude': -73.999443}"
evt-ib8SIYp66r8wyFz,cal-vR9KDer3a9iEfUd,https://images.lumacdn.com/event-covers/sh/2cbbcbe6-2ddc-465b-ac6b-94d326fdd6f7.jpg,2025-04-18T01:30:00.000Z,independent,False,offline,105th NY Hardware Meetup @ Viam,True,,True,2025-04-17T22:30:00.000Z,America/New_York,exb21kbi,usr-dqHTZ9lpWIjqBoj,public,False,{'has_access': False},-73.981851,40.771812,"{'city': 'New York', 'type': 'google', 'region': 'New York', 'address': '1900 Broadway', 'country': 'United States', 'place_id': 'ChIJ9_m1b_VYwokR5ld40U-I8bc', 'city_state': 'New York, New York', 'description': '', 'country_code': 'US', 'full_address': '1900 Broadway, New York, NY 10023, USA', 'mode': 'shown'}",public,"{'latitude': 40.771812, 'longitude': -73.981851}"
evt-ITxefRtd2HQG7vC,cal-n9ZGQDic6ZtomIA,https://images.lumacdn.com/event-covers/mk/f08cfcd4-82fc-4c2e-b310-481f5785fb23.png,2025-04-18T00:30:00.000Z,independent,False,offline,Product Builders in Health and Wellness Tech Happy Hour [NYC],True,,True,2025-04-17T22:30:00.000Z,America/New_York,thl1yvyh,usr-RO87Xfyg86TWx9U,public,True,{'has_access': False},-73.99250,40.75250,"{'mode': 'obfuscated', 'city_state': 'New York, New York'}",guests-only,"{'latitude': 40.753094, 'longitude': -73.993145}"
evt-VGc0TJbuCt4ej4J,cal-SRZBqShHEEHRr2D,https://images.lumacdn.com/event-covers/sb/b69b42cd-7bfb-4232-95c5-f7455cdf7cbe.png,2025-04-19T14:30:00.000Z,independent,False,offline,Alo Soho: Alo RUNNERs Club,True,,False,2025-04-19T13:30:00.000Z,America/New_York,eubsmgec,usr-xe9Rsr1RqkQAcBj,public,True,{'has_access': False},-73.999451,40.723216,"{'city': 'New York', 'type': 'google', 'region': 'New York', 'address': 'Alo', 'country': 'United States', 'place_id': 'ChIJnwteXHxZwokRI4iaCX2Oi08', 'city_state': 'New York, New York', 'description': '', 'country_code': 'US', 'full_address': 'Alo, 96 Spring St, New York, NY 10012, USA', 'apple_maps_place_id': 'IC2B139956D8CCBF0', 'mode': 'shown'}",public,"{'latitude': 40.723216, 'longitude': -73.999451}"
evt-eVmJUuchCfWjDMG,cal-iQiGmQs8dcjikBH,https://images.lumacdn.com/event-covers/mf/1c11f1e5-c035-4f54-9bd8-1e91ba5fb89d.jpg,2025-04-20T22:00:00.000Z,independent,False,offline,LeRobot Arm Hackathon NYC,True,,True,2025-04-19T15:00:00.000Z,America/New_York,z29r63z9,usr-9HtZtlHeETrvEZQ,public,True,{'has_access': False},-74.007427,40.740216,"{'city': 'New York', 'type': 'google', 'region': 'New York', 'address': 'Betaworks', 'country': 'United States', 'place_id': 'ChIJe4XhiAJZwokRdwIKYH214Bc', 'city_state': 'New York, New York', 'description': '', 'country_code': None, 'full_address': 'Betaworks, 29 Little W 12th St, New York, NY 10014, USA', 'apple_maps_place_id': 'IB332323F18B72FE9', 'mode': 'shown'}",public,"{'latitude': 40.740216, 'longitude': -74.007427}"
evt-FR9XpGI3gffja0j,cal-3qlKZ8NVFfxNrBo,https://images.lumacdn.com/event-covers/13/ec8350f6-e1c6-4b35-92a4-cbbded49f1ca.png,2025-04-20T19:30:00.000Z,independent,False,offline,Easter Potluck Brunch,True,,True,2025-04-20T17:00:00.000Z,America/New_York,88f8iyk8,usr-zA1W08GAWPJuhgw,public,True,{'has_access': False},-73.912696,40.763632,"{'city': 'Queens County', 'type': 'google', 'region': 'New York', 'address': '2839 42nd St', 'country': 'United States', 'place_id': 'ChIJ7yIv3j9fwokRMgMbZ8M4iD8', 'city_state': 'Queens County, New York', 'description': 'Apt 2., press the second button next to the door to ring the bell and be buzzed in.', 'country_code': 'US', 'full_address': '2839 42nd St, Long Island City, NY 11103, USA', 'mode': 'shown'}",public,"{'latitude': 40.763632, 'longitude': -73.912696}"
evt-hIajHyJOqycz65A,cal-9kLEHtcHHG7GZi8,https://images.lumacdn.com/event-covers/l9/d3ccda39-2f37-4e81-9283-cfbbb3ba227d.png,2025-04-21T19:00:00.000Z,independent,False,offline,Flipping the Script On Investors: Reverse Pitches for NY Fintech Week Produced by RevTech Labs,True,,True,2025-04-21T17:30:00.000Z,America/New_York,glwl4evi,usr-4BVonZ4Zsrt56LM,public,False,{'has_access': False},-73.99000,40.74250,"{'mode': 'obfuscated', 'city_state': 'New York, New York'}",guests-only,"{'latitude': 40.742484, 'longitude': -73.991221}"
evt-JSa2yWg4gnGNxz2,cal-CxJXMSxjPuscPwZ,https://images.lumacdn.com/event-covers/93/afd0d514-c5e1-40f3-8d25-8e191330368f.jpg,2025-04-21T20:00:00.000Z,independent,False,offline,Computer Vision with CNNs,True,,True,2025-04-21T18:00:00.000Z,America/New_York,c47eq1j8,usr-jRq911AIme25vkj,public,True,{'has_access': False},-74.005125,40.711412,"{'city': 'New York', 'type': 'google', 'region': 'New York', 'address': '1 Pace Plaza', 'country': 'United States', 'latitude': None, 'place_id': 'ChIJ9QlnYCJawokRsS7REbAEReU', 'longitude': None, 'city_state': 'New York, New York', 'description': 'Second Floor Lecture Hall', 'country_code': 'US', 'full_address': '1 Pace Plaza, New York, NY 10038, USA', 'mode': 'shown'}",public,"{'latitude': 40.711412, 'longitude': -74.005125}"
evt-4dIIfCTJRgYWGAS,cal-1VimvHYSCVGhHuk,https://images.lumacdn.com/event-covers/wf/6ded4c1f-8e34-4ab7-bfdc-6aeb6afa557d.png,2025-04-22T00:30:00.000Z,independent,False,offline,NYC B2B: FinTech Founders & Operators Meetup,True,,True,2025-04-21T22:30:00.000Z,America/New_York,ufv9ap0k,usr-xiL5SGLre86uzMa,public,False,{'has_access': False},-73.99000,40.74500,"{'mode': 'obfuscated', 'city_state': 'New York, New York'}",guests-only,"{'latitude': 40.744272, 'longitude': -73.990762}"
evt-syZ8GG1MfcTDhDy,cal-BvuRd9eaZnDGBwy,https://images.lumacdn.com/event-covers/7y/805fcdb9-5115-442b-9dde-0d8f0b2396cd.png,2025-04-22T01:00:00.000Z,independent,False,offline,Poetry Night in Dreamworld w/ The Poetry Society of New York,True,,True,2025-04-21T22:30:00.000Z,America/New_York,j91k8s8t,usr-Yv1EkLAwR92KxzI,public,False,{'has_access': False},-73.961918,40.715581,"{'city': 'Kings County', 'type': 'google', 'region': 'New York', 'address': '119 N 1st St', 'country': 'United States', 'latitude': '40.7155813', 'place_id': 'ChIJNQwZ-2BZwokR_sx3TLGh73U', 'longitude': '-73.9619183', 'city_state': 'Kings County, New York', 'description': '', 'country_code': 'US', 'full_address': '119 N 1st St, Brooklyn, NY 11249, USA', 'mode': 'shown'}",public,"{'latitude': 40.715581, 'longitude': -73.961918}"
evt-KbtzrQPToqfNIFh,cal-6bGlRBno9PpeHPu,https://images.lumacdn.com/event-covers/ja/fbb36613-53da-4f49-b74d-e77f505ae0cc.jpg,2025-04-22T14:30:00.000Z,independent,False,offline,"""Identity in the Age of AI"" Panel",True,,False,2025-04-22T13:00:00.000Z,America/New_York,mprkgxq8,usr-vrkrucbu14ezxWs,public,False,{'has_access': False},-73.983485,40.764985,"{'city': 'New York', 'type': 'google', 'region': 'New York', 'address': 'Morrison & Foerster LLP', 'country': 'United States', 'place_id': 'ChIJXQb19zv9ZUARUUewz121-3E', 'city_state': 'New York, New York', 'description': '', 'country_code': 'US', 'full_address': 'Morrison & Foerster LLP, 250 W 55th St, New York, NY 10019, USA', 'apple_maps_place_id': 'IAFA4EDE9F0DD97FB', 'mode': 'shown'}",public,"{'latitude': 40.764985, 'longitude': -73.983485}"
evt-nSkhmmixLBYCMtj,cal-84OTp0DYXLnv8Sb,https://images.lumacdn.com/event-covers/f4/209f8d81-e082-4043-9019-9b411b557e54.png,2025-04-23T00:00:00.000Z,independent,False,offline,For the Firsts: April Meetup,True,,False,2025-04-22T22:00:00.000Z,America/New_York,69yyphf5,usr-QnBw3FJ4K6U2vbZ,public,True,{'has_access': False},-74.00750,40.72250,"{'mode': 'obfuscated', 'city_state': 'New York, New York'}",guests-only,"{'latitude': 40.722732, 'longitude': -74.007244}"
evt-XecT9urzaiMTGpn,cal-DCBzNA01juAwL7A,https://images.lumacdn.com/event-covers/h0/3f584df2-f1e6-452c-ab4d-29c1ee0ca5af,2025-04-23T14:30:00.000Z,independent,False,offline,Startup Lean Coffee,True,,True,2025-04-23T13:00:00.000Z,America/New_York,f946p6tc,usr-mnpt7xseOYBPnbf,public,True,{'has_access': False},-73.979876,40.761709,"{'city': 'New York', 'type': 'google', 'region': 'New York', 'address': 'Foley Hoag LLP', 'country': 'United States', 'latitude': '40.76170949999999', 'place_id': 'ChIJ58OP9bZZwokRb6iivSMLSKk', 'longitude': '-73.9798757', 'city_state': 'New York, New York', 'description': '', 'full_address': 'Foley Hoag LLP, 1301 6th Ave, New York, NY 10019, USA', 'mode': 'shown'}",public,"{'latitude': 40.761709, 'longitude': -73.979876}"
evt-42L4vuECHbhUMI8,cal-i3MDCJ0wAt0A1QE,https://images.lumacdn.com/event-covers/ho/2c08f92d-ea51-45ac-9194-6a69e2ff206d,2025-04-24T00:00:00.000Z,independent,False,offline,Fintech Is Femme Leadership Summit 2025,True,,False,2025-04-23T16:00:00.000Z,America/New_York,fifleadershipsummit,usr-6JqATpfjrRQC0Ek,public,False,{'has_access': False},-73.989563,40.755749,"{'city': 'New York', 'type': 'google', 'region': 'New York', 'address': 'The Times Center', 'country': 'United States', 'place_id': 'ChIJY5Def6xZwokRTKAUrJPGNLE', 'city_state': 'New York, New York', 'description': '', 'country_code': 'US', 'full_address': 'The Times Center, 242 W 41st St, New York, NY 10036, USA', 'apple_maps_place_id': 'I109A18816034FA6F', 'mode': 'shown'}",public,"{'latitude': 40.755749, 'longitude': -73.989563}"
evt-pm7GmmTg9Hz4mnv,cal-Ve0M7LoDOpdnF3z,https://images.lumacdn.com/event-covers/wg/66d8bada-eb24-4894-86db-2d525b041dc6.png,2025-04-24T00:00:00.000Z,independent,False,offline,Attention in the Age of AI with Gary Vaynerchuk,True,,False,2025-04-23T22:00:00.000Z,America/New_York,gary-v-spc,usr-VPOChxgUvsrEjSA,public,False,{'has_access': False},-73.99250,40.72750,"{'mode': 'obfuscated', 'city_state': 'New York, New York'}",guests-only,"{'latitude': 40.728329, 'longitude': -73.991589}"
evt-wIb9CjSWL6lOEGS,cal-akmIN78CqQmYWXZ,https://images.lumacdn.com/event-covers/du/b058c3a4-39bc-40a4-bb4b-5c7579cc3060.png,2025-04-24T02:00:00.000Z,independent,False,offline,"The Spark Society Book Club: ""The Motherload"" with Sarah Hoover",True,,True,2025-04-23T23:00:00.000Z,America/New_York,qhh4abil,usr-fIIDWlZUkQXAFwy,public,True,{'has_access': False},-73.96250,40.71250,"{'mode': 'obfuscated', 'city_state': 'Kings County, New York'}",guests-only,"{'latitude': 40.713456, 'longitude': -73.961767}"
evt-7WIc9LMKE9j5O3A,cal-yhuSRBqurTRzB2t,https://images.lumacdn.com/event-covers/bj/641bba63-6c70-4ad3-8dfa-30ca8bf0f290.png,2025-04-24T02:00:00.000Z,independent,False,offline,Writers Club New York Spring Mixer!,True,,True,2025-04-23T23:00:00.000Z,America/New_York,ukb84cwi,usr-2AuKGzI1Ny8qQTj,public,True,{'has_access': False},-73.983725,40.687837,"{'city': 'Kings County', 'type': 'google', 'region': 'New York', 'address': 'Ace Hotel Brooklyn', 'country': 'United States', 'latitude': '40.6878373', 'place_id': 'ChIJp-gHME1awokRD04lzhd8DQU', 'longitude': '-73.983725', 'city_state': 'Kings County, New York', 'description': '', 'country_code': 'US', 'full_address': 'Ace Hotel Brooklyn, 252 Schermerhorn St, Brooklyn, NY 11217, USA', 'apple_maps_place_id': 'IF575263E9026E40C', 'mode': 'shown'}",public,"{'latitude': 40.687837, 'longitude': -73.983725}"
evt-E3EJRIBF5lg1V1k,cal-EYZA520VGEASXG2,https://images.lumacdn.com/event-covers/s6/bba696c7-bee9-47f5-a2bb-2206b2e4ece2.png,2025-04-25T00:00:00.000Z,independent,False,offline,Founder Debate Night By Antler & Satori,True,,True,2025-04-24T21:30:00.000Z,America/New_York,9kgb58fh,usr-zycEJ4kMHOEr7VC,public,True,{'has_access': False},-73.990429,40.719851,"{'city': 'New York', 'type': 'google', 'region': 'New York', 'address': '123 Allen St', 'country': 'United States', 'place_id': 'ChIJ74Iz6IZZwokRgn6pIDXBRKk', 'city_state': 'New York, New York', 'description': '', 'country_code': 'US', 'full_address': '123 Allen St, New York, NY 10002, USA', 'mode': 'shown'}",public,"{'latitude': 40.719851, 'longitude': -73.990429}"
evt-uegzeLLFSDuDlcS,cal-6kEfZKtXphCXCQD,https://images.lumacdn.com/event-covers/ls/da911288-47a4-4535-ad05-a7affd754b9f.png,2025-04-24T23:30:00.000Z,independent,False,offline,Gen Z NYC Founder & Creator Mixer,True,,True,2025-04-24T22:00:00.000Z,America/New_York,53fvw452,usr-2PVYOR5XXYGZ0ls,public,True,{'has_access': False},-73.987360,40.732757,"{'city': 'New York', 'type': 'google', 'region': 'New York', 'address': '109 3rd Ave', 'country': 'United States', 'latitude': '40.7327567', 'place_id': 'ChIJc9gt6J5ZwokRrWg7lKp8-FE', 'longitude': '-73.98736020000001', 'city_state': 'New York, New York', 'description': '', 'country_code': None, 'full_address': '109 3rd Ave, New York, NY 10003, USA', 'mode': 'shown'}",public,"{'latitude': 40.732757, 'longitude': -73.98736}"
evt-RtpcFxnLsNnPPY4,cal-hgsEWD3hthZva1h,https://images.lumacdn.com/event-covers/hk/c9ba158b-6cd2-4498-b639-a4ea49b74f2d.jpg,2025-04-27T23:30:00.000Z,independent,False,offline,Sound Hallucinations,True,,True,2025-04-27T21:00:00.000Z,America/New_York,sound-hallucinations,usr-2t3FwT3blpUtuaq,public,False,{'has_access': False},-73.937062,40.711571,"{'city': 'Kings County', 'type': 'google', 'region': 'New York', 'address': '301 Ten Eyck St', 'country': 'United States', 'place_id': 'ChIJibK22FRZwokRhgjtA6ZaVlc', 'city_state': 'Kings County, New York', 'description': '', 'country_code': 'US', 'full_address': '301 Ten Eyck St, Brooklyn, NY 11206, USA', 'mode': 'shown'}",public,"{'latitude': 40.711571, 'longitude': -73.937062}"
evt-TCsHAwzH4cLZeI9,cal-DHgfVqr8pzARQLe,https://images.lumacdn.com/event-covers/79/63416a8d-3a00-4f3d-9eab-2ebb9f62b732.jpg,2025-04-30T01:00:00.000Z,independent,False,offline,Little Bar Mocktail Happy Hour,True,,True,2025-04-29T22:00:00.000Z,America/New_York,3kwpdk50,usr-i6Kg7gySJ6Qotxj,public,False,{'has_access': False},-74.024575,40.753146,"{'city': 'Hoboken', 'type': 'google', 'region': 'New Jersey', 'address': 'Little Bar', 'country': 'United States', 'place_id': 'ChIJszKSgKZZwokRiGYxw49Nsp8', 'city_state': 'Hoboken, New Jersey', 'description': '', 'country_code': 'US', 'full_address': 'Little Bar, 1401 Hudson St, Hoboken, NJ 07030, USA', 'apple_maps_place_id': 'I6852AB2CD6D0FD90', 'mode': 'shown'}",public,"{'latitude': 40.753146, 'longitude': -74.024575}"
evt-5cEiktEuZuLHhYJ,cal-RTPoEnYshLxNq5d,https://images.lumacdn.com/event-covers/fq/160770b5-3279-4922-b0ac-d65a6035555f.jpg,2025-04-30T01:00:00.000Z,independent,False,offline,Open House: An Arts & Faith Series,True,,True,2025-04-29T22:00:00.000Z,America/New_York,yurjsrgl,usr-McQBHUg4wljuKnN,public,False,{'has_access': False},-74.007244,40.722732,"{'city': 'New York', 'type': 'google', 'region': 'New York', 'address': 'Fabrik NYC', 'country': 'United States', 'place_id': 'ChIJeUxAOmFZwokRQwoqebAluYQ', 'city_state': 'New York, New York', 'description': '', 'country_code': 'US', 'full_address': 'Fabrik NYC, 12-16 Vestry St 4th Floor, New York, NY 10013, USA', 'apple_maps_place_id': None, 'mode': 'shown'}",public,"{'latitude': 40.722732, 'longitude': -74.007244}"
evt-kPHN4zfh6If1IWM,cal-QIxfIt33lrZBrTm,https://images.lumacdn.com/event-covers/l3/74b468eb-cc79-41d3-a15e-c687214d691f.png,2025-04-30T01:15:00.000Z,independent,False,offline,book‚Ä¢ish report: a *new visions* book club powerpoint party,True,,True,2025-04-29T23:00:00.000Z,America/New_York,qgwkt440,usr-xSNy9XBKeOBPK7C,public,False,{'has_access': False},-74.004341,40.706735,"{'city': 'New York', 'type': 'google', 'region': 'New York', 'address': 'Black Gotham Experience', 'country': 'United States', 'place_id': 'ChIJozCSBT1awokRbKwIhrOkkiE', 'city_state': 'New York, New York', 'description': '', 'country_code': 'US', 'full_address': 'Black Gotham Experience, 192 Front St, New York, NY 10038, USA', 'apple_maps_place_id': 'I25A67BD56718F16E', 'mode': 'shown'}",public,"{'latitude': 40.706735, 'longitude': -74.004341}"
evt-OzvSpDLNLSAOKiP,cal-xbcRHjJyDqLxfNL,https://images.lumacdn.com/event-covers/lh/c3772a60-b74b-46b7-8d8f-a6968b8378ed.png,2025-04-30T01:00:00.000Z,independent,False,offline,Making a Meet Cute: Offline Dating Strategies from Experts,True,,True,2025-04-29T23:00:00.000Z,America/New_York,73yxuefw,usr-2exZ9Axe0nHpG7C,public,False,{'has_access': False},-73.986679,40.704007,"{'city': 'Kings County', 'type': 'google', 'region': 'New York', 'address': 'Fabrik DUMBO', 'country': 'United States', 'place_id': 'ChIJbxWJH6hbwokRJdEDkf61egI', 'city_state': 'Kings County, New York', 'description': '', 'country_code': 'US', 'full_address': 'Fabrik DUMBO, 20 Jay St Suite 218, Brooklyn, NY 11201, USA', 'mode': 'shown'}",public,"{'latitude': 40.704007, 'longitude': -73.986679}"
evt-KdFC6E5JtAG4uKQ,cal-C0mMeGZj1KETbzK,https://images.lumacdn.com/event-covers/av/9069ff28-d5fe-4f62-a5e5-72637c01d2ab.jpg,2025-05-02T03:30:00.000Z,independent,False,offline,Haus of Nouns ‚Äì NYC ‚Äì¬†1,True,,True,2025-05-01T14:00:00.000Z,America/New_York,usaxgn2p,usr-Y2H9jsUOeOGesJV,public,False,{'has_access': False},-73.984020,40.754931,"{'city': 'New York', 'type': 'google', 'region': 'New York', 'address': 'Midtown Manhattan', 'country': 'United States', 'place_id': 'ChIJqXwSpAFZwokR28_WgZDMzb4', 'city_state': 'New York, New York', 'description': '', 'country_code': 'US', 'full_address': 'Midtown Manhattan, New York, NY, USA', 'mode': 'shown'}",public,"{'latitude': 40.754931, 'longitude': -73.98402}"
